request_id,request_date,length_m,width_m,depth_m,has_hot_tub,has_waterfall,zip_code,customer_phone,customer_email
REQ-1001,2026-03-19,11,3.5,2.0,True,False,70115,504.555.6991,customer001@example.com
REQ-1002,2026-08-23,6,5,1.5,True,False,70124,504.555.2486,customer002@example.com
REQ-1003,2026-02-02,15,4.5,1.2,False,False,70503,504.555.2013,customer003@example.com
REQ-1004,2026-08-21,12,3,1.5,False,True,70433,504.555.3363,customer004@example.com
REQ-1005,2026-06-15,15,3,2.4,False,False,70115,504.555.4078,customer005@example.com
REQ-1006,2026-03-03,11,3,2.4,True,True,70124,504.555.9133,customer006@example.com
REQ-1007,2026-05-05,15,4.5,1.8,False,False,70005,504.555.5070,customer007@example.com
REQ-1008,2026-08-12,8,6,1.5,False,False,70001,504.555.8353,customer008@example.com
REQ-1009,2026-08-02,10,5,1.2,False,True,70001,504.555.3490,customer009@example.com
REQ-1010,2026-03-14,14,4.5,1.2,True,False,70001,504.555.6572,customer010@example.com
REQ-1011,2026-04-06,11,5,2.0,False,True,70115,504.555.5422,customer011@example.com
REQ-1012,2026-08-17,14,6,1.2,False,False,70503,504.555.8301,customer012@example.com
REQ-1013,2026-01-17,10,6,2.0,False,True,70458,504.555.6823,customer013@example.com
REQ-1014,2026-04-28,8,5,1.2,True,False,70118,504.555.5056,customer014@example.com
REQ-1015,2026-08-12,12,4.5,2.0,True,False,70005,504.555.3243,customer015@example.com
REQ-1016,2026-03-05,12,5,1.8,False,False,70433,504.555.4780,customer016@example.com
REQ-1017,2026-07-25,8,3,1.5,True,False,70458,504.555.3987,customer017@example.com
REQ-1018,2026-07-26,10,4,1.2,False,False,70503,504.555.6220,customer018@example.com
REQ-1019,2026-03-27,8,6,2.4,False,False,70458,504.555.7428,customer019@example.com
REQ-1020,2026-08-06,12,4.5,2.0,False,False,70124,504.555.2103,customer020@example.com
REQ-1021,2026-08-04,9,4.5,1.5,False,True,70112,504.555.3478,customer021@example.com
REQ-1022,2026-03-28,15,3,1.8,True,False,70503,504.555.7164,customer022@example.com
REQ-1023,2026-06-05,8,6,1.8,False,False,70115,504.555.8996,customer023@example.com
REQ-1024,2026-06-14,14,4.5,2.0,True,True,70001,504.555.5337,customer024@example.com
REQ-1025,2026-04-22,14,6,1.5,True,False,70809,504.555.6926,customer025@example.com
REQ-1026,2026-01-10,8,6,2.4,True,False,70115,504.555.5278,customer026@example.com
REQ-1027,2026-06-02,15,4,1.5,False,False,70809,504.555.6401,customer027@example.com
REQ-1028,2026-02-07,9,5,1.5,True,False,70124,504.555.4275,customer028@example.com
REQ-1029,2026-02-26,15,4.5,1.8,True,True,70005,504.555.8737,customer029@example.com
REQ-1030,2026-06-05,10,3.5,2.4,False,False,70001,504.555.6974,customer030@example.com
REQ-1031,2026-07-05,7,3.5,1.2,False,False,70458,504.555.1031,customer031@example.com
REQ-1032,2026-02-09,14,6,1.8,False,False,70115,504.555.7365,customer032@example.com
REQ-1033,2026-05-13,9,4.5,1.5,False,False,70433,504.555.8588,customer033@example.com
REQ-1034,2026-02-28,12,6,1.2,True,False,70112,504.555.3476,customer034@example.com
REQ-1035,2026-03-29,14,6,1.5,False,False,70001,504.555.3554,customer035@example.com
REQ-1036,2026-08-27,15,5,1.5,True,False,70115,504.555.9627,customer036@example.com
REQ-1037,2026-02-02,8,4.5,1.5,False,True,70124,504.555.5799,customer037@example.com
REQ-1038,2026-06-10,15,3.5,2.4,True,False,70118,504.555.1997,customer038@example.com
REQ-1039,2026-02-05,11,4.5,2.4,False,False,70809,504.555.3142,customer039@example.com
REQ-1040,2026-04-24,15,3.5,2.4,True,False,70118,504.555.1064,customer040@example.com
REQ-1041,2026-05-03,8,3.5,1.5,False,True,70112,504.555.6340,customer041@example.com
REQ-1042,2026-05-01,15,5,2.4,False,True,70809,504.555.1930,customer042@example.com
REQ-1043,2026-08-22,9,3.5,1.8,False,False,70809,504.555.1456,customer043@example.com
REQ-1044,2026-03-29,7,4.5,1.8,False,False,70124,504.555.5541,customer044@example.com
REQ-1045,2026-02-07,14,5,2.4,False,False,70809,504.555.5253,customer045@example.com
REQ-1046,2026-07-28,15,3.5,2.0,False,False,70001,504.555.2188,customer046@example.com
REQ-1047,2026-07-09,9,4.5,1.2,False,False,70118,504.555.6999,customer047@example.com
REQ-1048,2026-05-05,8,4,1.5,True,False,70433,504.555.8983,customer048@example.com
REQ-1049,2026-07-22,8,6,1.5,False,False,70433,504.555.6556,customer049@example.com
REQ-1050,2026-06-12,12,3.5,1.8,True,False,70001,504.555.8514,customer050@example.com
REQ-1051,2026-05-26,14,6,1.2,False,False,70809,504.555.2053,customer051@example.com
REQ-1052,2026-08-11,7,3.5,1.2,True,True,70118,504.555.5430,customer052@example.com
REQ-1053,2026-05-21,8,4.5,1.8,True,False,70503,504.555.9103,customer053@example.com
REQ-1054,2026-08-18,11,3,1.8,False,True,70115,504.555.5406,customer054@example.com
REQ-1055,2026-02-08,6,6,1.2,True,False,70124,504.555.2091,customer055@example.com
REQ-1056,2026-08-30,10,3,2.0,False,False,70005,504.555.3117,customer056@example.com
REQ-1057,2026-01-04,6,5,1.5,True,True,70112,504.555.3967,customer057@example.com
REQ-1058,2026-04-19,9,4,1.8,False,False,70809,504.555.3914,customer058@example.com
REQ-1059,2026-06-29,10,4,1.2,True,True,70809,504.555.4104,customer059@example.com
REQ-1060,2026-01-05,15,4.5,1.5,False,False,70433,504.555.9110,customer060@example.com
